KADIN	ELBİSE	MADMEXT	https://www.trendyol.com/madmext/siyah-maxi-boy-100-pamuklu-kadin-elbise-mg2365-p-920942405
KADIN	ELBİSE	OSHEBU	https://www.trendyol.com/oshebu/kadin-astarsiz-gipeli-kisa-elbise-p-1188274603
KADIN	ELBİSE	GENEL MARKALAR	https://www.trendyol.com/genel-markalar/kadin-elbise-p-1186649317
KADIN	ELBİSE	SEÇİL	https://www.hepsiburada.com/kadin-elbise-pm-HBC00007F5C3S
KADIN	ELBİSE	BUTİK	https://www.hepsiburada.com/kadin-elbise-pm-HBC00007F1AGX
KADIN	ÜST GİYİM	DAGI	https://www.trendyol.com/dagi/siyah-kadin-bisiklet-yaka-tisort-p-1044046282
KADIN	ÜST GİYİM	U.S. POLO ASSN.	https://www.trendyol.com/u-s-polo-assn/kadin-bisiklet-yaka-tisort-p-940628730
KADIN	ÜST GİYİM	OXVIN	https://www.trendyol.com/oxvin/kadin-bisiklet-yaka-tisort-regular-pamuk-basic-t-shirt-rahat-kalip-p-833204531
KADIN	ÜST GİYİM	TUDORS	https://www.trendyol.com/tudors/kadin-standart-fit-kisa-kollu-yarim-balikci-yaka-siyah-bluz-p-951326392
KADIN	ÜST GİYİM	UBMBUTIK	https://www.trendyol.com/ubmbutik/kadin-bluz-dantel-detayli-ip-askili-bluz-p-825378746
KADIN	ÜST GİYİM	PENTI	https://www.trendyol.com/penti/normal-v-yaka-bej-kadin-gomlek-plkm2pl425iy-p-945450161
KADIN	ÜST GİYİM	QUZU	https://www.trendyol.com/quzu/kadin-gomlek-p-1133197491
KADIN	ÜST GİYİM	TRENDER	https://www.trendyol.com/trender/kadin-gomlek-p-1133188802
KADIN	ÜST GİYİM	DEFACTO	https://www.hepsiburada.com/-100-pamuk-kumas-kadin-gomlek-pm-HBC0000A4I58H
KADIN	ÜST GİYİM	HIRAMIR	https://www.hepsiburada.com/kadin-gomlek-pm-HBC0000B3RSGY
KADIN	ALT GİYİM	LEVI'S	https://www.hepsiburada.com/levi-s-low-loose-kadin-jean-pantolon-nice-dreams-p-HBCV0000IN2LIK
KADIN	ALT GİYİM	KOTON	https://www.trendyol.com/koton/kadin-jean-pantolon-6sal40101md-siyah-p-1082211454
KADIN	ALT GİYİM	MAVİ	https://www.hepsiburada.com/mavi-kadin-jean-p-HBCV00007W7VE0
KADIN	ALT GİYİM	HERTON	https://www.hepsiburada.com/jeans-p-HBCV00009P6TCB
KADIN	ALT GİYİM	ONLY	https://www.hepsiburada.com/jeans-p-HBCV00009P6QSM
KADIN	ALT GİYİM	GENEL MARKALAR	https://www.trendyol.com/genel-markalar/kadin-pileli-kirisik-crash-etek-p-902060676
KADIN	ALT GİYİM	SENSE	https://www.hepsiburada.com/sense-kadin-etek-ekru-pm-gysnsetk12656ek
KADIN	ALT GİYİM	BUTİK	https://www.hepsiburada.com/kadin-etek-pm-HBC0000H0D0O1
KADIN	ALT GİYİM	FITTED	https://www.hepsiburada.com/fitted-kadin-etek-pm-HBC000076JPTA
KADIN	ALT GİYİM	JULUDE	https://www.hepsiburada.com/kadin-etek-p-HBCV0000H0CMNI
ERKEK	ÜST GİYİM	RICH	https://www.trendyol.com/rich/erkek-uzun-kollu-bisiklet-yaka-tisort-100-pamuk-basic-relaxed-t-shirt-p-953715440
ERKEK	ÜST GİYİM	JACK & JONES	https://www.trendyol.com/jack-jones/lacivert-erkek-tisort-bisiklet-yaka-gunluk-basic-12268415-p-1124488940
ERKEK	ÜST GİYİM	PUMA	https://www.hepsiburada.com/puma-graphic-erkek-tisort-pm-HBC0000CUWXMV
ERKEK	ÜST GİYİM	MADMEXT	https://www.hepsiburada.com/erkek-pamuklu-basic-pembe-polo-yaka-tisort-pm-HBC00009FVCQG
ERKEK	ÜST GİYİM	PREMIUM	https://www.hepsiburada.com/premium-erkek-polo-yaka-tisort-pm-HBC0000ADJ3TJ
ERKEK	ÜST GİYİM	ALTINYILDIZ CLASSICS	https://www.trendyol.com/ac-co-altinyildiz-classics/erkek-beyaz-kolay-utulenebilen-100-pamuk-keten-gorunumlu-nefes-alabilen-terletmez-slim-fit-gomlek-p-83134151
ERKEK	ÜST GİYİM	EFOR	https://www.hepsiburada.com/erkek-gomlek-fume-pm-HBC0000891DEH
ERKEK	ÜST GİYİM	CWL	https://www.trendyol.com/cwl/erkek-gomlek-p-753042468
ERKEK	ÜST GİYİM	MODA	https://www.trendyol.com/moda/erkek-gomlek-p-963987338
ERKEK	ÜST GİYİM	FBI	https://www.trendyol.com/fbi/erkek-gomlek-6198-p-457044684
ERKEK	ALT GİYİM	JACK & JONES	https://www.trendyol.com/jack-jones/dar-paca-erkek-kot-pantolon-p-832371191
ERKEK	ALT GİYİM	MAVİ	https://www.trendyol.com/mavi/erkek-jean-p-831507713
ERKEK	ALT GİYİM	LUFIAN	https://www.trendyol.com/lufian/wiliam-smart-erkek-jean-pantolon-111200242-p-1165624756
ERKEK	ALT GİYİM	DEFACTO	https://www.hepsiburada.com/erkek-jean-pantolon-pm-HBC00007BX4PN
ERKEK	ALT GİYİM	ALTINYILDIZ	https://www.hepsiburada.com/erkek-kot-pantolon-pm-HBC00003ZKQF1
ERKEK	ALT GİYİM	SÜVARİ	https://www.hepsiburada.com/suvari-rahat-kalip-siyah-erkek-kumas-pantolon-pm-HBC00002D9IWN
ERKEK	ALT GİYİM	PREMIUM	https://www.hepsiburada.com/slim-fit-erkek-pantolon-pm-HBC00008NLQU1
ERKEK	ALT GİYİM	CASERTA	https://www.hepsiburada.com/erkek-kumas-pantolon-regular-fit-pm-HBC00007MX5CG
ERKEK	ALT GİYİM	EFOR	https://www.hepsiburada.com/erkek-kumas-pantolon-slim-fit-pm-HBC00007MVLFJ
ERKEK	ALT GİYİM	KİĞILI	https://www.hepsiburada.com/erkek-kumas-pantolon-pm-HBC00001EORE0
ERKEK	ALT GİYİM	ADIDAS	https://www.trendyol.com/adidas/gunluk-erkek-esofman-alti-p-1019023552
ERKEK	ALT GİYİM	VALENTE WEAR	https://www.trendyol.com/valente-wear/erkek-esofman-alti-p-1026345461
ERKEK	ALT GİYİM	LOFT	https://www.trendyol.com/loft/erkek-esofman-alti-p-995699107
ERKEK	ALT GİYİM	EA7	https://www.trendyol.com/ea7/erkek-esofman-alti-p-1034459044
ERKEK	ALT GİYİM	TIA	https://www.trendyol.com/tia/erkek-esofman-alti-p-994824462
